id,delay_cond,age_cat,age,sex,ethnicity,race,income,prolific_score,valence_neg,valence_neu,arousal_neg,arousal_neu,hit_neg_object,hit_neg_background,hit_neu_object,hit_neu_background,fa_neg_object,fa_neu_object,fa_background,neg_object_memory,neg_background_memory,neu_object_memory,neu_background_memory,neg_tradeoff,neu_tradeoff,full_tradeoff,study_start_time,pvt1,study_sss,test_start_time,pvt2,test_sss,age_cat2,race_cat,income_cat
p1001,Wake,36-47,39,male,None of these,White,119000,99,2.6,4.580645161,5.64516129,3.53125,0.6875,0,0.75,0.0625,0.0625,0,0,0.625,0,0.75,0.0625,0.625,0.6875,-0.0625,08:30:00,275.3518919,3,19:06:00,225.4034783,2,36-59,White,Above median
p1002,Sleep,25-35,30,male,None of these,White,45000,99,3.233333333,4.935483871,5.40625,3.21875,0.8125,0.375,0.4375,0.75,0.0625,0,0.0625,0.75,0.3125,0.4375,0.6875,0.4375,-0.25,0.6875,19:09:00,222.4515385,3,09:17:00,263.4782927,3,18-35,White,Below median
p1003,Wake,25-35,27,female,None of these,White,45000,100,2.291666667,4.884615385,5.703703704,3.642857143,0.8125,0.5625,0.5625,0.6875,0.125,0.0625,0.125,0.6875,0.4375,0.5,0.5625,0.25,-0.0625,0.3125,09:42:00,379.969,3,22:50:00,331.9077381,5,18-35,White,Below median
p1004,Sleep,36-47,39,male,None of these,White,18000,100,2.8125,4.1875,4.71875,3.09375,0.9375,0.1875,0.4375,0.5625,0.125,0.0625,0.03125,0.8125,0.15625,0.375,0.53125,0.65625,-0.15625,0.8125,21:20:00,201.7120115,3,09:46:00,281.0616304,1,36-59,White,Below median
p1005,Wake,48-59,53,female,None of these,White,87000,100,2.935483871,4.875,5.064516129,3.3125,0.6875,0.125,0.4375,0.0625,0.0625,0,0,0.625,0.125,0.4375,0.0625,0.5,0.375,0.125,07:29:00,281.5679348,1,19:33:00,258.55175,3,36-59,White,Above median
p1006,Sleep,18-24,19,male,Hispanic,Not listed,30000,100,2.84375,4.096774194,4.75,3.46875,0.625,0.625,0.375,0.4375,0.125,0,0,0.5,0.625,0.375,0.4375,-0.125,-0.0625,-0.0625,19:54:00,251.4271739,2,07:06:00,281.9814894,4,18-35,Non-White,Below median
p1007,Sleep,18-24,18,female,None of these,Asian,70000,100,3.09375,4.8125,4.90625,3.3125,0.6875,0.4375,0.1875,0.4375,0,0,0,0.6875,0.4375,0.1875,0.4375,0.25,-0.25,0.5,22:30:00,350.145,3,21:10:00,287.9739744,2,18-35,Non-White,Above median
p1008,Sleep,48-59,54,female,None of these,White,149000,100,2.3,4.34375,6.066666667,4.03125,0.75,0.25,0.875,0.6875,0,0,0,0.75,0.25,0.875,0.6875,0.5,0.1875,0.3125,19:53:00,297.6278182,2,09:27:00,315.947,3,36-59,White,Above median
p1009,Wake,48-59,53,female,None of these,White,125000,100,2.161290323,4.387096774,6.034482759,4.206896552,0.75,0.5,0.5,0.4375,0.375,0.1875,0.125,0.375,0.375,0.3125,0.3125,0,0,0,08:35:00,303.9129762,1,19:40:00,277.2825,1,36-59,White,Above median
p1010,Wake,25-35,30,male,None of these,White,110000,100,2.96875,4.625,5.15625,3.35483871,0.875,0.5625,0.6875,0.4375,0.1875,0.125,0.09375,0.6875,0.46875,0.5625,0.34375,0.21875,0.21875,0,07:46:00,256.1361539,2,19:20:00,249.407,1,18-35,White,Above median
p1011,Wake,36-47,42,male,None of these,White,185000,100,1.65625,4.741935484,6.25,3.46875,0.8125,0.375,0.75,0.6875,0.25,0.0625,0,0.5625,0.375,0.6875,0.6875,0.1875,0,0.1875,09:32:00,303.8709677,3,20:04:00,302.2264151,1,36-59,White,Above median
p1012,Wake,25-35,32,male,None of these,White,100000,98,2.935483871,3.322580645,4.666666667,4.214285714,0.5,0.375,0.0625,0.1875,0.4375,0.25,0.1875,0.0625,0.1875,-0.1875,0,-0.125,-0.1875,0.0625,09:08:00,401.5637879,4,20:20:00,600.1037931,4,18-35,White,Above median
p1013,Sleep,48-59,52,male,None of these,White,120000,100,3.535714286,4.65625,4.3125,3.419354839,0.5625,0.625,0.5625,0.5,0.0625,0,0,0.5,0.625,0.5625,0.5,-0.125,0.0625,-0.1875,19:00:00,280.7021277,3,09:00:00,320.5625,3,36-59,White,Above median
p1014,Sleep,25-35,29,female,None of these,Black or African American,NA,96,2.888888889,5.448275862,5.724137931,3.642857143,0.5,0.25,0.1875,0.0625,0.125,0,0,0.375,0.25,0.1875,0.0625,0.125,0.125,0,19:53:00,409.300625,1,08:19:00,352.556087,1,18-35,Non-White,NA
p1015,Wake,25-35,25,female,None of these,White,20000,100,2.709677419,4.34375,4.90625,3.15625,0.5,0.375,0.5,0.125,0,0,0,0.5,0.375,0.5,0.125,0.125,0.375,-0.25,07:23:00,240.7874242,2,20:18:00,198.6988125,4,18-35,White,Below median
p1016,Wake,48-59,49,female,None of these,White,75000,100,3.25,4.34375,4.625,3.967741935,0.4375,0.125,0.4375,0,0,0.0625,0,0.4375,0.125,0.375,0,0.3125,0.375,-0.0625,09:55:00,361.7233019,1,20:00:00,384.66875,1,36-59,White,Above median
p1017,Wake,18-24,24,female,None of these,Asian,20000,100,2.666666667,4.444444444,4.75,3.125,0.125,0,0.066666667,0.0625,0,0,0,0.125,0,0.066666667,0.0625,0.125,0.004166667,0.120833333,09:44:00,440.8888236,1,19:12:00,406.2989063,1,18-35,Non-White,Below median
p1018,Wake,25-35,31,female,Hispanic,White,17000,100,1.59375,5.03125,5.5,3.34375,0.875,0.5,0.5625,0.8125,0,0,0.03125,0.875,0.46875,0.5625,0.78125,0.40625,-0.21875,0.625,08:49:00,397.8567164,5,19:53:00,426.1885366,6,18-35,White,Below median
p1019,Wake,36-47,47,female,None of these,White,49000,99,3.3125,5.15625,5.0625,3.96875,0.4375,0.375,0.5,0.5,0.0625,0,0.03125,0.375,0.34375,0.5,0.46875,0.03125,0.03125,0,09:00:00,257.9086274,2,20:00:00,307.2385714,4,36-59,White,Below median
p1020,Sleep,18-24,22,male,None of these,White,90000,100,2.966666667,4.655172414,4.806451613,3.548387097,0.625,0.625,0.3125,0.75,0.0625,0,0.0625,0.5625,0.5625,0.3125,0.6875,0,-0.375,0.375,22:44:00,311.8439655,1,10:00:00,236.656962,3,18-35,White,Above median
p1021,Wake,36-47,42,female,None of these,Asian,68000,100,3.769230769,4.214285714,3.952380952,3.761904762,0.25,0.1875,0,0.0625,0,0,0,0.25,0.1875,0,0.0625,0.0625,-0.0625,0.125,07:04:00,399.009375,4,20:20:00,664.0463636,2,36-59,Non-White,Below median
p1022,Wake,25-35,31,male,None of these,White,150000,100,2.666666667,4.535714286,5.40625,3.8125,0.625,0.5,0.4375,0.4375,0,0.0625,0.03125,0.625,0.46875,0.375,0.40625,0.15625,-0.03125,0.1875,09:48:00,366.7906977,2,22:29:00,320.0740141,1,18-35,White,Above median
p1023,Sleep,25-35,32,female,None of these,White,48000,100,2.833333333,5.571428571,5.379310345,3,0.4375,0.4375,0.125,0.3125,0,0,0,0.4375,0.4375,0.125,0.3125,0,-0.1875,0.1875,20:50:00,282.483,2,10:22:00,270.9730682,3,18-35,White,Below median
p1024,Wake,36-47,38,male,Hispanic,White,75000,100,3.78125,5.0625,4.1875,3.03125,0.8125,0.5,0.4375,0.5,0,0.125,0.0625,0.8125,0.4375,0.3125,0.4375,0.375,-0.125,0.5,07:55:00,235.5719231,3,22:55:00,244.5437097,4,36-59,White,Above median
p1025,Sleep,48-59,56,male,None of these,White,23500,100,2,NA,6.125,4.25,1,0.666666667,0.875,0.6875,0.375,0.5,0.125,0.625,0.541666667,0.375,0.5625,0.083333333,-0.1875,0.270833333,21:58:00,264.7096774,4,10:57:00,257.5384615,4,36-59,White,Below median
p1026,Sleep,18-24,23,male,None of these,Black or African American,39000,100,2.28125,4.90625,5.838709677,3.59375,0.4375,0,0.375,0,0,0,0,0.4375,0,0.375,0,0.4375,0.375,0.0625,22:36:00,519.54375,2,10:38:00,411.7774074,4,18-35,Non-White,Below median
p1027,Wake,36-47,41,male,None of these,White,88000,100,2.5625,4.21875,5.1,3.71875,0.8125,0.4375,0.5625,0.5,0,0.0625,0,0.8125,0.4375,0.5,0.5,0.375,0,0.375,08:24:00,305.3985106,3,19:27:00,294.3434615,4,36-59,White,Above median
p1028,Sleep,18-24,24,male,None of these,White,20000,100,2.1875,5,5.96875,3.4375,0.9375,0.5625,0.625,0.5625,0.25,0.125,0,0.6875,0.5625,0.5,0.5625,0.125,-0.0625,0.1875,20:10:00,355.8823529,3,08:37:00,322.4489796,5,18-35,White,Below median
p1029,Wake,48-59,56,female,None of these,White,45000,100,2.806451613,4.96875,4.90625,3.533333333,0.4375,0.3125,0.5625,0.5,0,0.0625,0.03125,0.4375,0.28125,0.5,0.46875,0.15625,0.03125,0.125,08:09:00,267.5325893,1,19:07:00,306.7283334,2,36-59,White,Below median
p1030,Wake,36-47,37,male,None of these,White,68000,99,3.548387097,4,4.533333333,3.967741935,0.0625,0,0.0625,0.0625,0.0625,0,0.0625,0,-0.0625,0.0625,0,0.0625,0.0625,0,08:45:00,1018.120256,2,19:14:00,423.193125,1,36-59,White,Below median
p1031,Wake,18-24,21,male,None of these,White,10000,100,1.625,3.741935484,6.290322581,4.25,0.4375,0.0625,0.5,0.4375,0.25,0.1875,0.09375,0.1875,-0.03125,0.3125,0.34375,0.21875,-0.03125,0.25,07:15:00,299.2094594,3,19:28:00,264.8238,1,18-35,White,Below median
p1032,Sleep,36-47,45,male,None of these,White,65000,100,1.84375,5.258064516,6.28125,3.333333333,0.875,0.625,1,0.375,0.5,0.375,0.0625,0.375,0.5625,0.625,0.3125,-0.1875,0.3125,-0.5,19:05:00,303.1812745,3,09:45:00,328.6622368,3,36-59,White,Below median
p1033,Sleep,25-35,25,female,Hispanic,Black or African American,NA,99,3.65625,3.96875,4.09375,4,0.5625,0.1875,0.3125,0.25,0,0,0.03125,0.5625,0.15625,0.3125,0.21875,0.40625,0.09375,0.3125,19:10:00,342.0793421,2,09:20:00,347.5135294,3,18-35,Non-White,NA
p1034,Sleep,18-24,22,female,None of these,White,65000,100,2.741935484,4.206896552,4.875,3.34375,0.875,0.5,0.8125,0.6875,0,0,0,0.875,0.5,0.8125,0.6875,0.375,0.125,0.25,19:15:00,288.0685294,3,09:15:00,236.423209,4,18-35,White,Below median
p1035,Wake,18-24,23,male,None of these,Asian,35000,99,2.90625,3.875,2.9375,3.53125,0,0,0,0,0,0,0,0,0,0,0,0,0,0,07:15:00,292.0519697,5,21:13:00,268.6341429,5,18-35,Non-White,Below median
p1036,Sleep,48-59,50,female,None of these,White,15000,100,3.53125,3.8125,4.322580645,4.125,0.8125,0.1875,0.625,0.375,0,0.0625,0,0.8125,0.1875,0.5625,0.375,0.625,0.1875,0.4375,19:00:00,237.3928947,1,09:00:00,247.1247458,3,36-59,White,Below median
p1037,Wake,25-35,33,female,None of these,White,90000,100,1.96875,4.967741935,6.161290323,3.875,0.625,0.1875,0.125,0.3125,0.0625,0.0625,0.03125,0.5625,0.15625,0.0625,0.28125,0.40625,-0.21875,0.625,08:16:00,368.7488125,3,20:17:00,432.5851471,2,18-35,White,Above median
p1038,Sleep,18-24,20,female,None of these,White,25000,96,2.548387097,6.1875,5.064516129,2.46875,1,0.5625,0.8125,0.6875,0.25,0.125,0.09375,0.75,0.46875,0.6875,0.59375,0.28125,0.09375,0.1875,19:17:00,313.6309459,4,08:57:00,295.0765789,3,18-35,White,Below median
p1039,Wake,36-47,41,male,None of these,White,186000,100,3.068965517,4.448275862,5.034482759,3.225806452,0,0,0,0,0,0,0,0,0,0,0,0,0,0,07:50:00,288.359,2,18:35:00,246.3297403,2,36-59,White,Above median
p1040,Wake,48-59,51,male,None of these,White,100000,100,2.40625,4.774193548,5.677419355,3.655172414,0.6875,0.3125,0.5625,0.4375,0.0625,0,0,0.625,0.3125,0.5625,0.4375,0.3125,0.125,0.1875,09:16:00,382.1969531,1,19:36:00,373.5340698,5,36-59,White,Above median
p1041,Wake,48-59,49,female,None of these,Black or African American,127000,100,1.71875,5.1875,6.193548387,2.75,0.9375,0.3125,0.875,0.375,0.0625,0.0625,0.0625,0.875,0.25,0.8125,0.3125,0.625,0.5,0.125,09:22:00,267.5133333,2,20:40:00,298.1385714,1,36-59,Non-White,Above median
p1042,Wake,18-24,23,female,Hispanic,White,54000,98,2.517241379,3.892857143,6.586206897,5.032258065,0,0,0.0625,0,0,0,0,0,0,0.0625,0,0,0.0625,-0.0625,09:30:00,711.0243902,3,22:39:00,690.1666667,5,18-35,White,Below median
p1043,Wake,36-47,42,female,None of these,White,200000,100,3.516129032,5.6875,3.96875,2.161290323,0.8125,0.5625,0.6875,0.5,0,0,0,0.8125,0.5625,0.6875,0.5,0.25,0.1875,0.0625,07:46:00,313.6924561,3,19:36:00,291.8546875,2,36-59,White,Above median
p1044,Wake,36-47,36,male,None of these,Asian,80000,100,2.633333333,4.6,5.65625,3.34375,0.6875,0.625,0.5,0.5,0,0.125,0.0625,0.6875,0.5625,0.375,0.4375,0.125,-0.0625,0.1875,09:04:00,420.3059756,2,19:00:00,384.4474242,3,36-59,Non-White,Above median
p1045,Wake,48-59,51,female,None of these,Black or African American,51000,100,2.035714286,4.4375,5.633333333,3.34375,0.375,0.25,0.25,0.4375,0.1875,0.0625,0.0625,0.1875,0.1875,0.1875,0.375,0,-0.1875,0.1875,11:42:00,248.2565517,1,22:01:00,288.6883333,2,36-59,Non-White,Below median
p1046,Sleep,18-24,23,female,None of these,White,80000,100,1.8125,4.166666667,6.25,4.3125,0.875,0.5625,0.8125,0.625,0,0,0,0.875,0.5625,0.8125,0.625,0.3125,0.1875,0.125,19:00:00,381.4927941,4,09:00:00,349.4785897,4,18-35,White,Above median
p1047,Sleep,36-47,36,male,None of these,White,160000,95,3.041666667,4.761904762,5.346153846,4.384615385,0,0,0,0,0,0.0625,0.03125,0,-0.03125,-0.0625,-0.03125,0.03125,-0.03125,0.0625,19:20:00,365.8181818,1,09:24:00,640.695,1,36-59,White,Above median
p1048,Sleep,25-35,34,female,None of these,White,250000,100,2.46875,4.96875,5.483870968,3.1875,0.75,0.375,0.5,0.625,0.0625,0,0.03125,0.6875,0.34375,0.5,0.59375,0.34375,-0.09375,0.4375,21:24:00,342.0416667,2,10:38:00,339.8782927,1,18-35,White,Above median
p1049,Sleep,18-24,20,male,Latino,American Indian or Alaska Native,30000,100,2.466666667,4.40625,5.580645161,3.290322581,0.9375,0.5,0.625,0.5,0.125,0.125,0.03125,0.8125,0.46875,0.5,0.46875,0.34375,0.03125,0.3125,22:00:00,337.885,3,10:00:00,258.1898387,3,18-35,Non-White,Below median
p1050,Sleep,25-35,33,female,None of these,White,85000,100,2.6,4.34375,5.1875,3.9375,1,0.375,0.9375,0.6875,0.1875,0.125,0.15625,0.8125,0.21875,0.8125,0.53125,0.59375,0.28125,0.3125,20:15:00,359.3834444,3,08:47:00,292.0397222,1,18-35,White,Above median
p1051,Wake,48-59,57,female,None of these,White,200000,100,2,4.40625,6.15625,4.15625,0.5,0.375,0.5,0.4375,0.125,0,0,0.375,0.375,0.5,0.4375,0,0.0625,-0.0625,08:10:00,306.9323913,1,19:00:00,312.3847273,1,36-59,White,Above median
p1052,Wake,48-59,55,male,None of these,White,80000,98,2.75,4.133333333,5.21875,4.096774194,0.8125,0,0.125,0.3125,0.0625,0,0.03125,0.75,-0.03125,0.125,0.28125,0.78125,-0.15625,0.9375,07:16:00,253.3614925,3,19:45:00,310.2432955,2,36-59,White,Above median
p1053,Sleep,18-24,20,male,None of these,White,100000,100,3.03125,4.64516129,5.28125,3.548387097,0.8125,0.5625,0.8125,0.9375,0,0.0625,0,0.8125,0.5625,0.75,0.9375,0.25,-0.1875,0.4375,19:02:00,237.2790164,4,07:50:00,264.7452857,5,18-35,White,Above median
p1054,Sleep,18-24,24,female,Latino,White,34000,100,NA,NA,4,NA,0.875,0.1875,0.5625,0.875,0,0,0.03125,0.875,0.15625,0.5625,0.84375,0.71875,-0.28125,1,21:00:00,415.5793103,2,09:17:00,299.5563954,1,18-35,White,Below median
p1055,Wake,18-24,23,female,None of these,Asian,40000,100,2.40625,4.375,5.25,3.09375,0.9375,0.6875,0.8125,0.875,0.0625,0,0,0.875,0.6875,0.8125,0.875,0.1875,-0.0625,0.25,07:14:00,677891.5,2,20:07:00,331.1339682,1,18-35,Non-White,Below median
p1056,Sleep,48-59,59,male,None of these,White,35000,100,3.15625,4.71875,4.84375,3.25,0.1875,0,0.25,0.375,0.125,0,0.03125,0.0625,-0.03125,0.25,0.34375,0.09375,-0.09375,0.1875,19:06:00,302.9925714,2,07:55:00,276.5536508,1,36-59,White,Below median
p1057,Sleep,25-35,33,female,Hispanic,White,110000,100,2.16,4.206896552,6.16,3.214285714,0.8125,0.5,0.875,0.5,0.0625,0,0,0.75,0.5,0.875,0.5,0.25,0.375,-0.125,19:02:00,321.5204412,2,07:50:00,280.8736364,1,18-35,White,Above median
p1058,Wake,36-47,38,male,None of these,White,160000,100,3.290322581,4.620689655,4.59375,3.387096774,0.5625,0.0625,0.3125,0.0625,0.0625,0,0,0.5,0.0625,0.3125,0.0625,0.4375,0.25,0.1875,07:11:00,326.1947297,1,19:59:00,325.0216176,3,36-59,White,Above median
p1059,Sleep,25-35,29,male,None of these,White,100000,97,4.366666667,5.633333333,4.45,6,0,0.5,0,0.571428571,0.066666667,0.142857143,0.633333333,-0.066666667,-0.133333333,-0.142857143,-0.061904762,0.066666667,-0.080952381,0.147619048,23:48:00,10169.01667,6,16:41:00,22142.76667,1,18-35,White,Above median
p1060,Wake,18-24,23,male,None of these,White,50000,96,2.181818182,4.782608696,6.19047619,4.12,0.214285714,0.375,0.266666667,0,0.1875,0.214285714,0.064516129,0.026785714,0.310483871,0.052380952,-0.064516129,-0.283698157,0.116897081,-0.400595238,07:53:00,415.9213044,2,19:00:00,1552.91375,1,18-35,White,Below median
p1061,Sleep,25-35,28,female,None of these,White,11000,100,3.6875,5.096774194,4.258064516,2.833333333,0.875,0.375,0.625,0.4375,0,0.0625,0,0.875,0.375,0.5625,0.4375,0.5,0.125,0.375,19:18:00,271.5611765,5,07:00:00,209.7594375,3,18-35,White,Below median
p1062,Wake,48-59,50,male,None of these,White,140000,100,2.766666667,4.5,5.0625,3.3125,0.375,0.375,0.3125,0.3125,0,0,0,0.375,0.375,0.3125,0.3125,0,0,0,07:26:00,255.5310345,1,19:20:00,232.278,4,36-59,White,Above median
p1063,Wake,18-24,23,male,None of these,White,NA,100,3.161290323,4.689655172,4.15625,3.225806452,0.5625,0.0625,0.5,0.375,0.1875,0.125,0.125,0.375,-0.0625,0.375,0.25,0.4375,0.125,0.3125,10:24:00,373.8536275,4,19:00:00,338.8578889,3,18-35,White,NA
p1064,Wake,48-59,56,male,None of these,White,130000,100,3.066666667,4.064516129,4.9375,3.90625,0.8125,0.375,0.625,0.1875,0,0,0,0.8125,0.375,0.625,0.1875,0.4375,0.4375,0,11:00:00,252.8091304,3,19:07:00,392.0370652,2,36-59,White,Above median
p1065,Wake,18-24,20,female,None of these,White,10000,99,2.161290323,4.774193548,6,3.75,0,0,0.25,0,0,0,0,0,0,0.25,0,0,0.25,-0.25,12:13:00,683.1153846,1,20:35:00,629.3888889,2,18-35,White,Below median
p1066,Sleep,36-47,45,male,None of these,White,66500,99,2.096774194,4.892857143,5.8125,2.65625,0.75,0.25,0.625,0.25,0.3125,0,0.125,0.4375,0.125,0.625,0.125,0.3125,0.5,-0.1875,19:10:00,307.3295946,1,08:00:00,274.9124528,1,36-59,White,Below median
p1067,Sleep,48-59,54,intersex,None of these,White,200000,100,2.53125,5.34375,5.65625,3.25,0.6875,0.1875,0.6875,0.3125,0.0625,0.0625,0.0625,0.625,0.125,0.625,0.25,0.5,0.375,0.125,19:13:00,311.6909,4,07:11:00,332.4438158,6,36-59,White,Above median
p1068,Sleep,48-59,50,female,None of these,White,60000,100,2.75,3.548387097,4.8125,3.9375,0.8125,0.375,0.5,0.4375,0,0,0,0.8125,0.375,0.5,0.4375,0.4375,0.0625,0.375,19:20:00,354.9967647,3,07:55:00,321.8975556,1,36-59,White,Below median
p1069,Sleep,18-24,19,female,None of these,Asian,95000,100,3,4.161290323,4.6875,3.387096774,0.5,0.25,0.125,0.4375,0,0,0,0.5,0.25,0.125,0.4375,0.25,-0.3125,0.5625,21:25:00,232.9096914,4,10:44:00,324.5755,3,18-35,Non-White,Above median
p1070,Sleep,36-47,44,female,None of these,White,12000,100,3.033333333,4.290322581,4.34375,3.71875,0.5625,0.125,0.1875,0.25,0,0,0,0.5625,0.125,0.1875,0.25,0.4375,-0.0625,0.5,19:10:00,366.5718462,2,06:57:00,395.1270968,1,36-59,White,Below median
p1071,Sleep,48-59,49,male,None of these,White,20000,100,2.806451613,4.75862069,4.64516129,3.724137931,0.375,0.125,0.375,0,0,0,0,0.375,0.125,0.375,0,0.25,0.375,-0.125,21:45:00,290.8333333,5,08:13:00,250.4615385,1,36-59,White,Below median
p1072,Wake,25-35,30,female,None of these,White,70000,100,3.458333333,6.666666667,5.225806452,2.642857143,0.875,0.5625,0.625,0.6875,0.0625,0.0625,0,0.8125,0.5625,0.5625,0.6875,0.25,-0.125,0.375,07:09:00,245.8172449,1,21:05:00,230.3697116,3,18-35,White,Above median
p1073,Sleep,36-47,36,male,None of these,White,125000,100,2.96875,5.9375,4.84375,2.580645161,1,0.3125,0.6875,0.4375,0.0625,0,0.0625,0.9375,0.25,0.6875,0.375,0.6875,0.3125,0.375,19:13:00,255.4424699,6,07:41:00,277.8712088,2,36-59,White,Above median
p1074,Wake,48-59,55,female,None of these,American Indian or Alaska Native,49000,100,2.217391304,5.344827586,5.695652174,3.296296296,0.9375,0.5625,0.6875,0.875,0.0625,0.0625,0,0.875,0.5625,0.625,0.875,0.3125,-0.25,0.5625,07:06:00,306.895,1,19:01:00,342.8096774,2,36-59,Non-White,Below median
p1075,Wake,36-47,36,female,Spanish,White,11000,97,2.888888889,4.692307692,4.461538462,4,0.428571429,0.214285714,0.5,0.357142857,0.25,0.307692308,0.296296296,0.178571429,-0.082010582,0.192307692,0.060846561,0.260582011,0.131461131,0.129120879,07:45:00,693.5259677,1,22:30:00,481.5983929,5,36-59,White,Below median
p1076,Wake,25-35,34,male,None of these,Black or African American,180000,98,4.214285714,5.793103448,4.366666667,5.642857143,0.4,0.1875,0.5,0.375,0,0,0,0.4,0.1875,0.5,0.375,0.2125,0.125,0.0875,04:29:00,1530.666667,1,17:52:00,1268.06,1,18-35,Non-White,Above median
p1077,Sleep,48-59,55,male,None of these,White,245000,100,1.967741935,5.65625,6.1875,3.129032258,0.875,0.6875,0.75,0.625,0.0625,0.0625,0.1875,0.8125,0.5,0.6875,0.4375,0.3125,0.25,0.0625,19:55:00,326.3639362,1,07:01:00,299.8151786,1,36-59,White,Above median
p1078,Wake,36-47,42,male,None of these,White,175000,100,2.225806452,5.09375,5.3125,3.387096774,0.9375,0.75,0.875,0.875,0.375,0.0625,0.09375,0.5625,0.65625,0.8125,0.78125,-0.09375,0.03125,-0.125,07:51:00,300.0731452,2,21:31:00,326.551875,5,36-59,White,Above median
p1079,Wake,48-59,59,male,None of these,White,95000,100,1.78125,4.4375,5.59375,3.1875,0.9375,0.8125,0.9375,0.75,0.0625,0,0.03125,0.875,0.78125,0.9375,0.71875,0.09375,0.21875,-0.125,10:10:00,328.7911765,1,19:03:00,332.7213158,3,36-59,White,Above median
p1080,Wake,18-24,21,male,None of these,Black or African American,150000,96,1.961538462,4.107142857,6.75,5.153846154,0.071428571,0.066666667,0.083333333,0.083333333,0,0,0.035714286,0.071428571,0.030952381,0.083333333,0.047619048,0.04047619,0.035714286,0.004761905,10:18:00,284.1552778,6,20:21:00,291.7860274,1,18-35,Non-White,Above median
p1081,Sleep,36-47,40,male,None of these,White,87000,99,2.90625,4.875,4.78125,3.125,0.8125,0.25,0.5,0.5,0,0,0.03125,0.8125,0.21875,0.5,0.46875,0.59375,0.03125,0.5625,21:00:00,258.5037273,3,07:00:00,355.6827778,1,36-59,White,Above median
p1082,Wake,36-47,37,female,None of these,White,28000,100,1.625,5.233333333,5.62962963,2.903225806,0.75,0.25,0.9375,0.5,0.0625,0.1875,0.0625,0.6875,0.1875,0.75,0.4375,0.5,0.3125,0.1875,11:37:00,280.8631944,1,19:04:00,231.7124242,3,36-59,White,Below median
p1083,Wake,48-59,56,male,None of these,White,56000,99,2.625,4.846153846,5.5625,4.032258065,0.5625,0.25,0.25,0.4375,0,0,0,0.5625,0.25,0.25,0.4375,0.3125,-0.1875,0.5,08:20:00,356.4385106,1,07:16:00,345.1271277,4,36-59,White,Below median
p1084,Sleep,48-59,56,female,None of these,Asian,30000,99,3.071428571,4.083333333,5.333333333,4.206896552,0,0,0,0,0,0,0,0,0,0,0,0,0,0,19:12:00,499.6666667,4,08:14:00,377.0434783,3,36-59,Non-White,Below median
p1085,Sleep,18-24,18,female,None of these,White,70000,100,2.230769231,5.041666667,5.6875,2.827586207,0.75,0.3125,0.5,0.8125,0,0,0,0.75,0.3125,0.5,0.8125,0.4375,-0.3125,0.75,21:11:00,333.4596154,5,08:49:00,367.6511111,2,18-35,White,Above median
p1086,Sleep,18-24,22,female,None of these,White,15000,100,2.7,5.566666667,5.384615385,2.482758621,0.9375,0.9375,0.625,0.625,0.1875,0.125,0.1875,0.75,0.75,0.5,0.4375,0,0.0625,-0.0625,21:54:00,260.2666129,1,09:37:00,247.9385366,1,18-35,White,Below median
p1087,Sleep,36-47,45,female,None of these,White,42000,100,2.75862069,5.451612903,4.96875,2.8,0.875,0.625,0.8125,0.625,0.0625,0,0.03125,0.8125,0.59375,0.8125,0.59375,0.21875,0.21875,0,19:07:00,302.5306429,3,08:57:00,336.3501563,1,36-59,White,Below median
p1088,Sleep,48-59,52,male,Hispanic,White,150000,99,3.903225806,4.387096774,3.9375,3.71875,0.1875,0.5625,0.125,0.4375,0.1875,0.1875,0.375,0,0.1875,-0.0625,0.0625,-0.1875,-0.125,-0.0625,17:44:00,411.8293421,2,09:35:00,447.3414286,1,36-59,White,Above median
p1089,Sleep,36-47,40,female,None of these,Asian,30000,98,2.8125,4.322580645,4.125,3.935483871,0.0625,0.0625,0.0625,0.0625,0,0,0,0.0625,0.0625,0.0625,0.0625,0,0,0,00:00:00,327.8455,3,09:30:00,896.9020589,3,36-59,Non-White,Below median
p1090,Wake,48-59,57,male,None of these,White,110000,99,2.21875,4.90625,5.78125,4.0625,0.8125,0.1875,0.75,0.375,0,0,0.03125,0.8125,0.15625,0.75,0.34375,0.65625,0.40625,0.25,10:00:00,373.65,1,20:00:00,296.6090541,1,36-59,White,Above median
p1091,Wake,36-47,43,female,None of these,White,65000,100,NA,NA,NA,NA,0.875,0.5625,0.75,0.6875,0,0,0,0.875,0.5625,0.75,0.6875,0.3125,0.0625,0.25,10:12:00,291.0137288,3,20:40:00,292.4787121,1,36-59,White,Below median
p1092,Wake,18-24,20,female,None of these,Black or African American,30000,100,1.870967742,4.548387097,5.935483871,3.59375,0.75,0.375,0.5,0.5,0.125,0,0.0625,0.625,0.3125,0.5,0.4375,0.3125,0.0625,0.25,09:12:00,276.7825676,3,19:12:00,356.3325758,2,18-35,Non-White,Below median
p1093,Wake,18-24,23,male,None of these,Asian,5000,100,3.333333333,5.419354839,5.78125,3.6875,0.8125,0.25,0.5625,0.5625,0,0,0,0.8125,0.25,0.5625,0.5625,0.5625,0,0.5625,10:40:00,221.238806,1,19:03:00,238.0136986,1,18-35,Non-White,Below median
p1094,Wake,36-47,37,male,None of these,White,15000,100,3.666666667,2.90625,4.35483871,5.375,0.625,0.4375,0.5625,0.625,0.0625,0.0625,0.03125,0.5625,0.40625,0.5,0.59375,0.15625,-0.09375,0.25,11:57:00,285.3244262,5,21:13:00,346.9468605,3,36-59,White,Below median
p1095,Wake,36-47,43,male,None of these,White,120000,100,2.366666667,6.290322581,5.129032258,4.032258065,0.6875,0.5625,0.5,0.375,0.125,0,0.0625,0.5625,0.5,0.5,0.3125,0.0625,0.1875,-0.125,09:28:00,495.1952632,1,23:01:00,441.1197727,6,36-59,White,Above median
p1096,Sleep,36-47,45,male,Hispanic,White,75000,100,2.9375,5.451612903,5.40625,2.633333333,0.6875,0.3125,0.625,0.5,0.0625,0,0,0.625,0.3125,0.625,0.5,0.3125,0.125,0.1875,20:15:00,258.3303333,3,10:25:00,257.5915323,1,36-59,White,Above median
p1097,Wake,25-35,27,male,None of these,White,60000,100,2.3125,4.3125,5.125,3.40625,0.625,0.1875,0.1875,0.375,0,0,0,0.625,0.1875,0.1875,0.375,0.4375,-0.1875,0.625,07:40:00,252.0095652,3,19:00:00,236.8717,1,18-35,White,Below median
p1098,Wake,48-59,57,male,None of these,White,24000,100,3.40625,4.53125,4.46875,2.875,0.9375,0.25,0.8125,0.625,0,0.0625,0.09375,0.9375,0.15625,0.75,0.53125,0.78125,0.21875,0.5625,09:40:00,270.9166667,4,19:35:00,290.4137931,3,36-59,White,Below median
p1099,Sleep,25-35,28,male,None of these,Asian,65000,99,2.64516129,4.09375,5.53125,3.903225806,0.5,0.125,0.3125,0.25,0,0,0,0.5,0.125,0.3125,0.25,0.375,0.0625,0.3125,18:58:00,267.0320408,1,08:21:00,273.7365854,2,18-35,Non-White,Below median
p1100,Sleep,36-47,36,male,None of these,White,150000,97,4.935483871,5.806451613,4.580645161,5.03125,0.1875,0,0.3125,0,0.125,0.0625,0.03125,0.0625,-0.03125,0.25,-0.03125,0.09375,0.28125,-0.1875,18:21:00,599.35,1,07:32:00,503.0833333,1,36-59,White,Above median
p1101,Sleep,48-59,51,male,None of these,Black or African American,67500,100,2.612903226,4.21875,5.366666667,2.896551724,0.625,0.1875,0.1875,0.125,0.125,0.1875,0.15625,0.5,0.03125,0,-0.03125,0.46875,0.03125,0.4375,20:20:00,295.4262245,1,09:45:00,284.4360577,1,36-59,Non-White,Below median
p1102,Wake,48-59,57,female,None of these,White,180000,100,2.833333333,5.548387097,5.580645161,3.65625,0.9375,0.5625,0.8125,0.875,0.0625,0.0625,0,0.875,0.5625,0.75,0.875,0.3125,-0.125,0.4375,07:29:00,330.2789655,3,19:27:00,297.6803846,1,36-59,White,Above median
p1103,Sleep,18-24,23,male,None of these,Asian,40000,100,2.612903226,4.064516129,5.46875,3.6875,0.6875,0.4375,0.4375,0.4375,0.0625,0,0.03125,0.625,0.40625,0.4375,0.40625,0.21875,0.03125,0.1875,19:25:00,278.9111111,1,10:14:00,260.3050847,3,18-35,Non-White,Below median
p1104,Wake,18-24,21,male,None of these,White,100000,100,2.21875,4.5625,5.5,2.90625,1,0.5625,0.5625,0.8125,0.0625,0,0,0.9375,0.5625,0.5625,0.8125,0.375,-0.25,0.625,09:33:00,279.9851515,3,21:03:00,612.5294118,5,18-35,White,Above median
p1105,Sleep,25-35,27,female,None of these,White,47000,100,2.6875,4.741935484,5.28125,3.03125,0.625,0.1875,0.25,0.25,0,0,0,0.625,0.1875,0.25,0.25,0.4375,0,0.4375,20:01:00,373.1465789,3,09:33:00,288.8855102,1,18-35,White,Below median
p1106,Sleep,18-24,24,female,None of these,White,89999,100,3.3125,4.933333333,4.375,3.3125,0.6875,0.25,0.1875,0.375,0,0,0,0.6875,0.25,0.1875,0.375,0.4375,-0.1875,0.625,19:12:00,385.7728205,5,09:44:00,285.0015909,2,18-35,White,Above median
p1107,Wake,18-24,18,female,None of these,Asian,31000,100,2.275862069,4.04,5.6,3.571428571,0.4375,0.3125,0.125,0.375,0,0,0.03125,0.4375,0.28125,0.125,0.34375,0.15625,-0.21875,0.375,10:32:00,339.6530612,4,21:50:00,234.6960577,5,18-35,Non-White,Below median
p1108,Sleep,18-24,18,male,None of these,White,20000,100,2.8125,4.5,4.35483871,3.9375,0.6875,0.375,0.25,0.5,0,0,0.03125,0.6875,0.34375,0.25,0.46875,0.34375,-0.21875,0.5625,20:32:00,229.9483077,3,07:25:00,300.1430645,4,18-35,White,Below median
p1109,Sleep,48-59,54,female,None of these,White,118000,100,NA,6,NA,2,0.625,0.5,0.3125,0.75,0.1875,0.0625,0.125,0.4375,0.375,0.25,0.625,0.0625,-0.375,0.4375,20:40:00,235.2730233,1,07:26:00,231.3179032,2,36-59,White,Above median
p1110,Sleep,18-24,20,female,None of these,White,150000,100,2.64516129,5.40625,5.28125,2.875,0.5,0.125,0.3125,0.5,0,0,0,0.5,0.125,0.3125,0.5,0.375,-0.1875,0.5625,20:05:00,210.2230508,4,07:34:00,190.029386,3,18-35,White,Above median
p1111,Wake,25-35,29,male,None of these,White,149000,100,3,5.740740741,5.433333333,3.166666667,0.866666667,0.5625,0.5625,0.625,0.625,0.125,0.09375,0.241666667,0.46875,0.4375,0.53125,-0.227083333,-0.09375,-0.133333333,08:10:00,265.6821333,4,20:40:00,286.0410417,3,18-35,White,Above median
p1112,Sleep,25-35,30,male,None of these,White,35000,100,3.125,4.25,5.03125,3.84375,0.4375,0.1875,0.3125,0.5,0.0625,0,0,0.375,0.1875,0.3125,0.5,0.1875,-0.1875,0.375,22:49:00,314.3409091,2,07:15:00,273.9756098,3,18-35,White,Below median
p1113,Wake,36-47,36,male,Hispanic,White,88000,100,3.21875,4.875,4.64516129,2.375,0.4375,0.125,0.5,0.4375,0,0,0.03125,0.4375,0.09375,0.5,0.40625,0.34375,0.09375,0.25,07:22:00,252.1042727,2,19:00:00,269.0271428,4,36-59,White,Above median
p1114,Wake,18-24,21,male,None of these,White,150000,100,1.777777778,4.333333333,5.466666667,3.5,0.6875,0.3125,0.5,0.125,0,0.125,0.09375,0.6875,0.21875,0.375,0.03125,0.46875,0.34375,0.125,10:13:00,278.1186413,5,21:19:00,359.55075,6,18-35,White,Above median
p1115,Sleep,36-47,38,male,None of these,White,40000,100,3,4.65625,4.71875,3.5625,0.625,0.875,0.375,0.6875,0,0.0625,0.03125,0.625,0.84375,0.3125,0.65625,-0.21875,-0.34375,0.125,19:49:00,296.2906429,5,06:56:00,264.2543056,3,36-59,White,Below median
p1116,Wake,36-47,37,female,None of these,White,40000,100,2.066666667,5.258064516,6.25,3.1875,0.75,0.25,0.4375,0.375,0,0,0.03125,0.75,0.21875,0.4375,0.34375,0.53125,0.09375,0.4375,10:36:00,276.5697727,1,19:30:00,307.6142308,1,36-59,White,Below median
p1117,Sleep,36-47,44,male,None of these,White,20000,100,3.21875,5.71875,4.8125,2.548387097,0.875,0.625,0.375,0.5625,0.125,0.0625,0.125,0.75,0.5,0.3125,0.4375,0.25,-0.125,0.375,19:15:00,348.2162162,2,07:08:00,464.6153846,4,36-59,White,Below median
p1118,Sleep,25-35,35,male,None of these,White,NA,95,NA,5,NA,NA,0.6875,0.25,0.5625,0.4375,0.1875,0.0625,0.0625,0.5,0.1875,0.5,0.375,0.3125,0.125,0.1875,19:48:00,190.3630833,2,10:25:00,252.5334524,2,18-35,White,NA
p1119,Sleep,48-59,53,female,None of these,White,90000,100,2.53125,4.84375,5.419354839,3.21875,0.6875,0.375,0.8125,0.5625,0.0625,0,0.03125,0.625,0.34375,0.8125,0.53125,0.28125,0.28125,0,19:14:00,430.8384722,3,07:44:00,387.7582692,1,36-59,White,Above median
p1120,Wake,25-35,32,female,Hispanic,Not listed,100000,100,1.796875,5.015625,6.078125,3.375,0.6875,0.0625,0.1875,0.1875,0.1875,0.0625,0,0.5,0.0625,0.125,0.1875,0.4375,-0.0625,0.5,08:43:00,323.3250388,1,08:37:00,294.8509633,2,18-35,Non-White,Above median
p1121,Sleep,25-35,25,male,None of these,Asian,10000,99,2.625,4.956521739,5.875,4.47826087,0.0625,0.1875,0.4375,0.25,0.0625,0,0,0,0.1875,0.4375,0.25,-0.1875,0.1875,-0.375,19:45:00,555.7966279,1,10:16:00,375.8091026,1,18-35,Non-White,Below median
p1122,Sleep,36-47,45,female,None of these,White,176000,100,7,7,7,7,0.5,0.0625,0.4375,0.0625,0.0625,0,0.03125,0.4375,0.03125,0.4375,0.03125,0.40625,0.40625,0,22:07:00,355.4969355,2,09:42:00,406.7076829,1,36-59,White,Above median
p1123,Wake,25-35,29,male,None of these,Black or African American,40000,100,5.0625,5,5.380952381,5.714285714,0,0.083333333,0,0,0,0,0,0,0.083333333,0,0,-0.083333333,0,-0.083333333,07:26:00,1922.832907,1,22:00:00,2737.74587,1,18-35,Non-White,Below median
p1124,Sleep,36-47,45,male,None of these,White,110000,100,2.125,3.806451613,5.28125,4.193548387,0.375,0,0.1875,0,0.0625,0,0.125,0.3125,-0.125,0.1875,-0.125,0.4375,0.3125,0.125,22:37:00,308.1443478,3,10:21:00,277.2065517,2,36-59,White,Above median
p1125,Sleep,25-35,26,female,None of these,White,75000,100,2.724137931,4.5,5.8,4.258064516,0.8,0.5,0.6875,0.625,0.0625,0.25,0.129032258,0.7375,0.370967742,0.4375,0.495967742,0.366532258,-0.058467742,0.425,19:23:00,326.0327344,3,08:46:00,392.751875,4,18-35,White,Above median
p1126,Sleep,25-35,26,female,None of these,White,12000,100,3.25,4.724137931,5.206896552,4.482758621,0.375,0.125,0.142857143,0.0625,0.0625,0.0625,0,0.3125,0.125,0.080357143,0.0625,0.1875,0.017857143,0.169642857,19:11:00,329.4102222,2,09:35:00,221.6356098,2,18-35,White,Below median
p1127,Wake,25-35,29,male,None of these,White,70000,100,2.34375,5.655172414,5.71875,2.84375,0.5,0.625,0.5,0.5625,0.0625,0,0.03125,0.4375,0.59375,0.5,0.53125,-0.15625,-0.03125,-0.125,07:28:00,336.45,2,19:37:00,297.2352703,5,18-35,White,Above median
p1128,Sleep,48-59,57,female,None of these,White,70000,100,1.9375,5.875,6.161290323,3.161290323,0,0,0,0,0,0,0,0,0,0,0,0,0,0,21:07:00,350.432987,2,07:49:00,320.2073333,1,36-59,White,Above median
p1129,Sleep,48-59,59,female,None of these,White,189000,100,1.375,4.161290323,6.548387097,3.870967742,0.9375,0.375,0.6875,0.5,0,0,0,0.9375,0.375,0.6875,0.5,0.5625,0.1875,0.375,20:00:00,354.0172857,5,07:48:00,344.233913,3,36-59,White,Above median
p1130,Wake,25-35,25,female,None of these,White,100000,100,2.53125,4.125,6.09375,4.5,0.875,0.375,0.4375,0.5625,0.0625,0,0,0.8125,0.375,0.4375,0.5625,0.4375,-0.125,0.5625,08:50:00,306.3297222,4,21:34:00,226.2362658,3,18-35,White,Above median
p1131,Wake,36-47,36,male,None of these,White,91000,100,2.551724138,5.741935484,5.4375,2.387096774,0.9375,0.3125,0.75,0.6875,0,0,0,0.9375,0.3125,0.75,0.6875,0.625,0.0625,0.5625,09:18:00,178.0958451,2,21:09:00,299.2110714,3,36-59,White,Above median
p1132,Wake,25-35,31,female,None of these,Asian,42000,100,1.78125,4.65625,6.28125,3.290322581,1,0.5,0.8125,0.5625,0.0625,0,0.0625,0.9375,0.4375,0.8125,0.5,0.5,0.3125,0.1875,09:26:00,301.9058334,2,19:03:00,326.3365,1,18-35,Non-White,Below median
p1133,Wake,25-35,30,male,None of these,White,46000,100,2.3125,4.625,6.03125,3.8125,0.4375,0.0625,0.5625,0.125,0.125,0.125,0.03125,0.3125,0.03125,0.4375,0.09375,0.28125,0.34375,-0.0625,10:02:00,310.3850877,3,19:55:00,380.8692308,4,18-35,White,Below median
p1134,Sleep,25-35,33,female,None of these,White,100000,98,2.966666667,4.076923077,5.037037037,3.2,0.5,0.25,0.1875,0.133333333,0,0,0.0625,0.5,0.1875,0.1875,0.070833333,0.3125,0.116666667,0.195833333,19:23:00,353.9482692,3,08:53:00,349.823125,1,18-35,White,Above median
p1135,Sleep,25-35,27,male,None of these,White,125000,99,2.870967742,4.5,5.0625,3.375,0.875,0.4375,0.5625,0.75,0.125,0.0625,0.09375,0.75,0.34375,0.5,0.65625,0.40625,-0.15625,0.5625,21:04:00,268.6725385,2,10:30:00,239.0742857,3,18-35,White,Above median
p1136,Sleep,25-35,27,female,None of these,White,40000,100,2.9,5.310344828,5.233333333,3.580645161,0.625,0.25,0.3125,0.5,0.25,0,0.03125,0.375,0.21875,0.3125,0.46875,0.15625,-0.15625,0.3125,19:14:00,304.9852,3,08:34:00,313.4751163,2,18-35,White,Below median
p1137,Sleep,48-59,51,female,None of these,White,35000,100,1.870967742,4.6875,5.96875,3.967741935,0.6875,0.625,0.625,0.75,0.0625,0.0625,0.03125,0.625,0.59375,0.5625,0.71875,0.03125,-0.15625,0.1875,19:20:00,297.2097561,2,09:40:00,301.8697675,4,36-59,White,Below median
p1138,Sleep,25-35,26,female,None of these,White,50000,100,3.366666667,4.1875,4.8125,3.580645161,0.625,0.1875,0.25,0.25,0.0625,0,0.03125,0.5625,0.15625,0.25,0.21875,0.40625,0.03125,0.375,19:25:00,324.2123148,3,08:28:00,251.8472881,3,18-35,White,Below median
p1139,Sleep,48-59,54,female,None of these,White,43000,100,1.90625,4.65625,5.84375,3.466666667,0.875,0.5,0.5625,0.4375,0.0625,0.1875,0.125,0.8125,0.375,0.375,0.3125,0.4375,0.0625,0.375,20:49:00,239.54,3,07:49:00,243.2,1,36-59,White,Below median
p1140,Wake,48-59,59,female,None of these,White,45000,100,2.366666667,5.566666667,5.8,2.8125,0.6875,0.25,0.5625,0.75,0,0,0,0.6875,0.25,0.5625,0.75,0.4375,-0.1875,0.625,09:33:00,262.5992188,2,22:52:00,249.2584167,1,36-59,White,Below median
p1141,Sleep,25-35,29,female,None of these,White,8775,100,3.967741935,4.21875,3.903225806,3.40625,0.875,0.5625,0.625,0.6875,0,0,0,0.875,0.5625,0.625,0.6875,0.3125,-0.0625,0.375,19:50:00,307.9209574,3,08:35:00,288.3922619,3,18-35,White,Below median
p1142,Sleep,18-24,20,male,None of these,Asian,100000,100,3.28,3.769230769,4.866666667,4.25,0.625,0.125,0.5,0.153846154,0.375,0.1875,0.0625,0.25,0.0625,0.3125,0.091346154,0.1875,0.221153846,-0.033653846,19:00:00,383.3218354,2,09:20:00,477.191,3,18-35,Non-White,Above median
p1143,Sleep,48-59,57,female,None of these,White,122000,100,2.3125,4.1875,5.09375,3.90625,0.9375,0.4375,0.5625,0.5625,0.125,0.0625,0.09375,0.8125,0.34375,0.5,0.46875,0.46875,0.03125,0.4375,19:35:00,277.1713235,2,10:39:00,255.4897531,5,36-59,White,Above median
p1144,Wake,48-59,58,female,None of these,White,150000,98,2.161290323,3.8125,5.551724138,4.0625,0,0,0,0,0,0,0,0,0,0,0,0,0,0,07:20:00,390.7734043,5,20:37:00,339.7279688,1,36-59,White,Above median
p1145,Sleep,36-47,45,female,None of these,White,NA,100,2.21875,4.096774194,5.96875,3.838709677,0.6875,0.125,0.375,0.125,0,0,0,0.6875,0.125,0.375,0.125,0.5625,0.25,0.3125,22:25:00,399.4092537,3,07:48:00,421.0887736,2,36-59,White,NA
p1146,Wake,48-59,53,female,None of these,White,70000,100,1,7,6.857142857,2.2,0.75,0.5,0.625,0.5625,0.0625,0,0.09375,0.6875,0.40625,0.625,0.46875,0.28125,0.15625,0.125,08:15:00,262.1447143,1,22:07:00,246.1980488,3,36-59,White,Above median
p1147,Wake,48-59,49,female,None of these,White,75000,99,1,6.5,6.571428571,3.875,0.0625,0,0.125,0,0,0,0,0.0625,0,0.125,0,0.0625,0.125,-0.0625,08:15:00,371.1052941,6,19:45:00,406.9286585,5,36-59,White,Above median
p1148,Sleep,36-47,37,male,None of these,White,55000,100,2.8125,5.5625,5.25,2.34375,0.8125,0.125,0.5625,0.4375,0.0625,0,0.032258065,0.75,0.092741935,0.5625,0.405241935,0.657258065,0.157258065,0.5,20:43:00,271.7056522,1,09:16:00,358.95,1,36-59,White,Below median
p1149,Wake,48-59,55,female,None of these,White,49000,100,2.96875,5.366666667,5.225806452,3.133333333,0.625,0.3125,0.75,0.375,0.25,0.0625,0,0.375,0.3125,0.6875,0.375,0.0625,0.3125,-0.25,09:06:00,263.3937288,4,19:30:00,263.0427885,1,36-59,White,Below median
p1150,Wake,36-47,36,male,None of these,White,49000,100,3.84375,5.448275862,3.96875,2.533333333,0.75,0.125,0.5,0.3125,0.4375,0.1875,0.09375,0.3125,0.03125,0.3125,0.21875,0.28125,0.09375,0.1875,08:26:00,274.3333333,3,19:04:00,268.7045455,2,36-59,White,Below median
p1151,Wake,48-59,50,male,None of these,White,101000,100,3.258064516,4.64516129,4.875,2.4375,0.8125,0.5625,0.8125,0.625,0.3125,0,0.03125,0.5,0.53125,0.8125,0.59375,-0.03125,0.21875,-0.25,09:19:00,295.3333333,3,19:39:00,299.5384615,1,36-59,White,Above median
p1152,Wake,36-47,40,female,None of these,White,65000,100,1.71875,5.03125,6.3125,2.84375,0.5625,0.0625,0.25,0.0625,0.0625,0,0.03125,0.5,0.03125,0.25,0.03125,0.46875,0.21875,0.25,09:18:00,260.1224242,1,19:14:00,313.4460256,1,36-59,White,Below median
p1153,Wake,25-35,30,male,None of these,White,22000,100,1.517241379,3.64516129,6.5625,4.3125,0.5625,0.25,0.375,0.533333333,0.25,0.133333333,0.129032258,0.3125,0.120967742,0.241666667,0.404301075,0.191532258,-0.162634409,0.354166667,07:01:00,310.1333333,4,22:12:00,347.4725,2,18-35,White,Below median
p1154,Wake,25-35,25,male,Hispanic,White,90000,100,3.222222222,5.4375,5.4375,3.71875,0.625,0.0625,0.3125,0.125,0,0.0625,0,0.625,0.0625,0.25,0.125,0.5625,0.125,0.4375,10:03:00,299.8061111,3,19:00:00,309.6932927,4,18-35,White,Above median
p1155,Sleep,36-47,40,male,None of these,White,208000,100,3.25,4.65625,4.75,3.0625,0.75,0.3125,0.375,0.375,0,0,0,0.75,0.3125,0.375,0.375,0.4375,0,0.4375,19:03:00,558.2150001,3,07:37:00,272.039375,4,36-59,White,Above median
p1156,Wake,18-24,18,female,None of these,Black or African American,26000,100,2.722222222,4.740740741,5.72,3.107142857,0.8125,0.5,0.5625,0.625,0.0625,0.0625,0,0.75,0.5,0.5,0.625,0.25,-0.125,0.375,07:09:00,180.4938953,1,19:19:00,218.2153488,2,18-35,Non-White,Below median
p1157,Sleep,25-35,33,female,None of these,White,125000,100,2.566666667,4.3125,5.535714286,3.5,0.875,0.75,0.6875,0.6875,0.0625,0,0.0625,0.8125,0.6875,0.6875,0.625,0.125,0.0625,0.0625,19:30:00,445.0900001,1,08:05:00,258.3149265,3,18-35,White,Above median
p1158,Sleep,36-47,45,male,None of these,White,208000,100,3,5,4.9,3.444444444,0.875,0.75,0.9375,0.875,0,0,0.03125,0.875,0.71875,0.9375,0.84375,0.15625,0.09375,0.0625,19:15:00,284.0164063,2,09:02:00,252.1232143,1,36-59,White,Above median
p1159,Sleep,36-47,43,female,None of these,White,79000,100,2.366666667,5.64516129,5.15625,3.90625,0.8,0.125,0.625,0.25,0.125,0.125,0,0.675,0.125,0.5,0.25,0.55,0.25,0.3,19:18:00,401.4945833,5,07:09:00,365.2021429,4,36-59,White,Above median
p1160,Sleep,36-47,38,female,None of these,White,51000,100,3,4.379310345,5.033333333,3.655172414,0.6875,0,0.3125,0.125,0.0625,0.0625,0,0.625,0,0.25,0.125,0.625,0.125,0.5,19:10:00,291.3417722,6,07:09:00,460,2,36-59,White,Below median
p1161,Wake,25-35,34,male,None of these,White,75000,100,2.129032258,4.75,5.5625,2.90625,0.875,0.625,0.625,0.5625,0.125,0.25,0.0625,0.75,0.5625,0.375,0.5,0.1875,-0.125,0.3125,07:00:00,250.7369492,3,17:36:00,261.3988554,4,18-35,White,Above median
p1162,Sleep,36-47,36,male,None of these,White,50000,100,2.064516129,4.9,5.967741935,3.40625,0.8125,0.125,0.3125,0.125,0.375,0.0625,0,0.4375,0.125,0.25,0.125,0.3125,0.125,0.1875,20:18:00,253.5120139,3,08:00:00,240.6193902,2,36-59,White,Below median
p1163,Wake,48-59,55,female,None of these,White,50000,100,2.392857143,5.555555556,5.827586207,3.434782609,0.625,0.3125,0.5625,0.0625,0.3125,0.1875,0.15625,0.3125,0.15625,0.375,-0.09375,0.15625,0.46875,-0.3125,08:35:00,379.835,4,22:45:00,331.6869231,3,36-59,White,Below median
p1164,Sleep,48-59,54,female,None of these,Black or African American,75000,100,2.62962963,5.034482759,5.35483871,3.40625,0.75,0.3125,0.8125,0.8125,0.0625,0.0625,0.34375,0.6875,-0.03125,0.75,0.46875,0.71875,0.28125,0.4375,19:33:00,491.4924324,2,09:09:00,486.65,1,36-59,Non-White,Above median
p1165,Sleep,36-47,45,male,None of these,White,82000,100,2.5625,4.9375,5.3125,3.71875,0.8125,0.375,0.9375,0.5,0,0,0,0.8125,0.375,0.9375,0.5,0.4375,0.4375,0,20:47:00,283.8518293,1,09:11:00,285.2972619,3,36-59,White,Above median
p1166,Sleep,48-59,52,female,None of these,White,70000,100,NA,NA,NA,NA,0.8125,0.625,0.75,0.6875,0.0625,0,0.1875,0.75,0.4375,0.75,0.5,0.3125,0.25,0.0625,19:45:00,254.025,3,07:03:00,293.6451667,4,36-59,White,Above median
p1167,Sleep,36-47,36,female,None of these,White,50000,100,4.419354839,5.387096774,5.322580645,5.75,0.0625,0.1875,0.125,0.0625,0.0625,0.25,0.09375,0,0.09375,-0.125,-0.03125,-0.09375,-0.09375,0,21:00:00,1005.726563,1,11:22:00,453.037037,1,36-59,White,Below median
p1168,Sleep,25-35,31,female,None of these,White,140000,100,2.206896552,4.8,5.875,3.548387097,0.5625,0.125,0.1875,0.4375,0.0625,0,0,0.5,0.125,0.1875,0.4375,0.375,-0.25,0.625,19:50:00,291.8736364,3,07:26:00,339.219,1,18-35,White,Above median
p1169,Sleep,36-47,40,male,None of these,White,125000,100,4.25,5.62962963,4.5625,3.965517241,0.625,0,0.25,0.1875,0,0,0.03125,0.625,-0.03125,0.25,0.15625,0.65625,0.09375,0.5625,21:21:00,380.1679167,2,09:14:00,441.355,2,36-59,White,Above median
p1170,Wake,48-59,52,female,None of these,White,80000,100,3.483870968,5.677419355,4.75,2.40625,0.5,0.4375,0.4375,0.1875,0.25,0.1875,0.28125,0.25,0.15625,0.25,-0.09375,0.09375,0.34375,-0.25,09:48:00,323.521129,3,20:41:00,382.403375,5,36-59,White,Above median
p1171,Sleep,25-35,33,female,None of these,White,175000,100,2.4375,6.35483871,6.03125,3.03125,0.625,0.1875,0.375,0.5625,0,0,0,0.625,0.1875,0.375,0.5625,0.4375,-0.1875,0.625,19:52:00,389.5598913,2,09:44:00,332.2056977,2,18-35,White,Above median
p1172,Sleep,18-24,23,male,None of these,White,60000,100,2.875,4.71875,5.3125,2.8125,0.6875,0.5,0.375,0.6875,0,0.0625,0.0625,0.6875,0.4375,0.3125,0.625,0.25,-0.3125,0.5625,19:58:00,281.3962264,3,08:04:00,226.3625,2,18-35,White,Below median
p1173,Sleep,36-47,37,male,None of these,Black or African American,70000,100,2,4.333333333,5.333333333,3.857142857,0.625,0.125,0.5625,0.25,0.1875,0.3125,0.15625,0.4375,-0.03125,0.25,0.09375,0.46875,0.15625,0.3125,19:24:00,407.1182258,1,09:36:00,480.07,1,36-59,Non-White,Above median
p1174,Sleep,25-35,31,female,None of these,White,51000,100,2.5,4.71875,5.6875,3.36,0.5625,0.1875,0.125,0.375,0,0.125,0.03125,0.5625,0.15625,0,0.34375,0.40625,-0.34375,0.75,21:31:00,281.8222222,2,08:32:00,469,1,18-35,White,Below median
p1175,Sleep,25-35,31,female,None of these,White,70000,99,2.3,4.064516129,5,4.3125,0.5625,0.3125,0.3125,0.4375,0.125,0,0,0.4375,0.3125,0.3125,0.4375,0.125,-0.125,0.25,22:45:00,326.8649,5,10:31:00,573.545,3,18-35,White,Above median
p1176,Wake,48-59,58,female,None of these,White,76000,100,2.0625,4.96875,6,3.290322581,0.8125,0.1875,0.75,0.4375,0.125,0,0.03125,0.6875,0.15625,0.75,0.40625,0.53125,0.34375,0.1875,06:56:00,316.6125926,2,16:09:00,342.6854167,1,36-59,White,Above median
p1177,Wake,25-35,30,female,None of these,White,21000,100,4.692307692,5.392857143,5.214285714,5.25,0,0,0,0,0,0,0,0,0,0,0,0,0,0,09:42:00,630.6666667,1,19:25:00,422.7419355,7,18-35,White,Below median
p1178,Sleep,48-59,57,male,None of these,White,90000,100,NA,NA,NA,NA,0.5625,0.5625,0.8125,0.4375,0.0625,0.125,0,0.5,0.5625,0.6875,0.4375,-0.0625,0.25,-0.3125,20:17:00,488.0389286,2,08:19:00,451.3454286,1,36-59,White,Above median
p1179,Sleep,48-59,49,male,None of these,White,109000,100,2.59375,4.2,5,3.8125,0.375,0.25,0.4375,0.1875,0.25,0.125,0.03125,0.125,0.21875,0.3125,0.15625,-0.09375,0.15625,-0.25,20:35:00,309.7934783,3,08:21:00,276.0747101,3,36-59,White,Above median
p1180,Sleep,18-24,23,female,None of these,Black or African American,15000,100,2.551724138,4.833333333,5.535714286,2.961538462,0.5625,0.1875,0.1875,0.1875,0,0,0,0.5625,0.1875,0.1875,0.1875,0.375,0,0.375,22:24:00,558.3649074,1,07:21:00,307.9839063,2,18-35,Non-White,Below median
p1181,Wake,48-59,50,female,None of these,Asian,25000,99,2.5625,5.741935484,5.40625,2.483870968,0.6875,0.5,0.5625,0.6875,0.0625,0.125,0,0.625,0.5,0.4375,0.6875,0.125,-0.25,0.375,07:27:00,329.3429464,4,19:01:00,313.2507018,4,36-59,Non-White,Below median
p1182,Wake,25-35,29,female,None of these,White,25000,100,2.068965517,5.518518519,6.15625,2.65625,0.875,0.6875,0.6875,0.625,0.3125,0.125,0.28125,0.5625,0.40625,0.5625,0.34375,0.15625,0.21875,-0.0625,08:08:00,245.0273387,5,19:15:00,267.2851042,5,18-35,White,Below median
p1183,Wake,36-47,42,male,None of these,Black or African American,25000,100,3.259259259,5.555555556,5.5,3.590909091,0.4375,0.5,0.625,0.6875,0.0625,0.0625,0.1875,0.375,0.3125,0.5625,0.5,0.0625,0.0625,0,08:14:00,242.6128572,3,19:23:00,152.4169474,3,36-59,Non-White,Below median
p1184,Wake,18-24,24,female,None of these,White,11000,100,2.387096774,5.15625,5.741935484,3.28125,0.875,0.5625,0.5625,0.375,0,0,0,0.875,0.5625,0.5625,0.375,0.3125,0.1875,0.125,08:42:00,275.1521127,2,21:48:00,351.5356862,4,18-35,White,Below median
p1185,Wake,25-35,33,male,None of these,White,260000,100,1.84375,5.96875,6.375,2.90625,0.625,0.3125,0.625,0.4375,0,0.125,0,0.625,0.3125,0.5,0.4375,0.3125,0.0625,0.25,08:19:00,499.2567188,3,20:43:00,338.7944737,1,18-35,White,Above median
p1186,Wake,48-59,56,female,None of these,White,160000,100,2.1875,4.3125,5.75,3.84375,0.5625,0.4375,0.25,0.0625,0,0,0,0.5625,0.4375,0.25,0.0625,0.125,0.1875,-0.0625,07:49:00,327.9660638,3,20:04:00,347.5758823,5,36-59,White,Above median
p1187,Wake,48-59,58,female,None of these,White,75000,100,NA,NA,NA,NA,0.625,0,0.125,0.125,0.0625,0,0,0.5625,0,0.125,0.125,0.5625,0,0.5625,09:15:00,342.8905469,4,21:13:00,346.1255882,2,36-59,White,Above median
p1188,Wake,18-24,22,male,None of these,Asian,170000,98,3.103448276,4.655172414,5.096774194,3.75,0.25,0.125,0.3125,0.1875,0,0.0625,0.03125,0.25,0.09375,0.25,0.15625,0.15625,0.09375,0.0625,09:30:00,267.3302419,3,19:00:00,512.665,1,18-35,Non-White,Above median
p1189,Wake,36-47,44,male,None of these,White,35000,99,1.607142857,3.633333333,6.068965517,4.448275862,0.3125,0.25,0.125,0.125,0,0,0,0.3125,0.25,0.125,0.125,0.0625,0,0.0625,07:13:00,310.1663235,6,19:19:00,268.2352439,1,36-59,White,Below median
p1190,Wake,36-47,37,female,None of these,White,24900,100,1.935483871,4.833333333,5.64516129,3.193548387,0.75,0.375,0.1875,0.4375,0.0625,0.066666667,0,0.6875,0.375,0.120833333,0.4375,0.3125,-0.316666667,0.629166667,09:58:00,288.8652631,2,19:57:00,313.3377381,1,36-59,White,Below median
p1191,Wake,48-59,51,female,None of these,White,NA,100,1.34375,5.4375,6.625,2.96875,0.6875,0.1875,0.75,0.125,0.4375,0.4375,0.03125,0.25,0.15625,0.3125,0.09375,0.09375,0.21875,-0.125,08:44:00,218.293913,1,21:59:00,210.1654348,3,36-59,White,NA
p1192,Wake,48-59,52,female,None of these,White,9000,99,NA,NA,NA,NA,0.8125,0.4375,0.625,0.25,0.125,0.0625,0.125,0.6875,0.3125,0.5625,0.125,0.375,0.4375,-0.0625,09:00:00,390.7195,1,19:43:00,372.0514634,2,36-59,White,Below median
p1193,Wake,18-24,21,female,None of these,White,150000,100,2.125,4.903225806,6.096774194,3.625,0.8125,0.25,0.25,0.125,0.0625,0,0,0.75,0.25,0.25,0.125,0.5,0.125,0.375,10:33:00,420.8017143,3,22:15:00,374.3877273,3,18-35,White,Above median
p1194,Wake,25-35,30,male,None of these,Asian,20000,100,2,4.866666667,5.25,3,0.3125,0,0,0,0,0,0,0.3125,0,0,0,0.3125,0,0.3125,11:00:00,288.6366949,2,19:15:00,285.6758333,2,18-35,Non-White,Below median
p1195,Wake,48-59,58,female,None of these,White,25000,100,2.09375,5.516129032,5.6875,3,0.6875,0.5625,0.3125,0.6875,0,0.0625,0.125,0.6875,0.4375,0.25,0.5625,0.25,-0.3125,0.5625,11:00:00,328.5070513,3,20:00:00,332.2682955,2,36-59,White,Below median
p1196,Sleep,36-47,43,female,None of these,White,195000,100,2.4375,4.5,5.28125,3.78125,0.6875,0.125,0.875,0.5,0.125,0.3125,0.03125,0.5625,0.09375,0.5625,0.46875,0.46875,0.09375,0.375,19:08:00,336.3142857,1,08:23:00,337.2121212,1,36-59,White,Above median
p1197,Wake,18-24,24,female,None of these,White,27000,100,NA,NA,5.727272727,4.333333333,0.5,0.375,0.5625,0.3125,0.0625,0.0625,0,0.4375,0.375,0.5,0.3125,0.0625,0.1875,-0.125,07:00:00,344.7771875,2,21:00:00,356.7502727,3,18-35,White,Below median
p1198,Sleep,25-35,28,male,None of these,White,72000,100,2.3125,4.967741935,5.65625,3,0.75,0.25,0.1875,0.5,0.0625,0,0.0625,0.6875,0.1875,0.1875,0.4375,0.5,-0.25,0.75,19:14:00,268.3142,4,07:49:00,301.4386,3,18-35,White,Above median
p1199,Sleep,48-59,50,male,None of these,White,43000,100,2.4,5.269230769,5.806451613,3.814814815,0.625,0.25,0.4375,0.6875,0,0,0,0.625,0.25,0.4375,0.6875,0.375,-0.25,0.625,19:18:00,258.7232308,3,07:45:00,272.6668182,3,36-59,White,Below median
p1200,Sleep,18-24,18,male,Hispanic,White,NA,99,2.5625,4.206896552,5.25,3.387096774,0.75,0.5625,0.8125,0.5625,0.0625,0,0,0.6875,0.5625,0.8125,0.5625,0.125,0.25,-0.125,22:50:00,247.7251,4,07:04:00,247.3944828,3,18-35,White,NA
p1201,Sleep,18-24,19,male,None of these,Black or African American,NA,99,2.5,5.133333333,6.15625,3.903225806,0.875,0.375,0.5625,0.375,0.1875,0,0,0.6875,0.375,0.5625,0.375,0.3125,0.1875,0.125,19:00:00,304.2739286,3,11:00:00,273.8601429,2,18-35,Non-White,NA
p1202,Sleep,48-59,57,female,None of these,Black or African American,29000,99,2.666666667,5.533333333,5.310344828,3.035714286,0,0.1875,0,0.375,0,0,0,0,0.1875,0,0.375,-0.1875,-0.375,0.1875,19:50:00,375.37375,1,07:24:00,345.3413158,1,36-59,Non-White,Below median
p1203,Sleep,36-47,40,female,None of these,White,70000,100,1.875,5.25,6.125,2.875,0.9375,0.25,0.75,0.5,0,0.0625,0,0.9375,0.25,0.6875,0.5,0.6875,0.1875,0.5,20:25:00,286.2241071,2,07:08:00,290.1839063,2,36-59,White,Above median
p1204,Sleep,36-47,39,female,None of these,White,166000,100,2.419354839,4.5625,5.84375,3.625,0.4375,0.0625,0.0625,0.3125,0,0,0,0.4375,0.0625,0.0625,0.3125,0.375,-0.25,0.625,20:21:00,406.91,3,10:03:00,307.745,3,36-59,White,Above median
p1205,Sleep,25-35,35,female,None of these,White,75000,100,2.423076923,4.72,5.24137931,3.896551724,0.0625,0.125,0,0,0,0.0625,0.03125,0.0625,0.09375,-0.0625,-0.03125,-0.03125,-0.03125,0,20:29:00,605.9616129,1,09:11:00,798.4645,1,18-35,White,Above median
p1206,Sleep,36-47,41,female,None of these,White,55000,100,2.193548387,5.4,5.967741935,2.71875,0.625,0.1875,0.625,0.5,0.0625,0,0.03125,0.5625,0.15625,0.625,0.46875,0.40625,0.15625,0.25,20:39:00,309.553,2,09:55:00,261.9156522,1,36-59,White,Below median
p1207,Sleep,25-35,32,male,None of these,White,50000,100,2.344827586,3.827586207,4.419354839,4,0,0.1875,0.0625,0,0,0.0625,0.15625,0,0.03125,0,-0.15625,-0.03125,0.15625,-0.1875,19:32:00,2495.15,3,07:35:00,714.3478571,3,18-35,White,Below median
p1208,Wake,18-24,22,male,None of these,White,NA,100,3.448275862,5.096774194,5.625,3.0625,0.8125,0.25,0.5,0.0625,0,0,0.03125,0.8125,0.21875,0.5,0.03125,0.59375,0.46875,0.125,10:29:00,225.1676667,3,21:41:00,258.9832143,1,18-35,White,NA
p1209,Wake,25-35,28,male,None of these,Black or African American,NA,94,2.46875,5.516129032,2.903225806,5.34375,0.8125,0.8125,0.1875,0.6875,0.2,0.125,0.225806452,0.6125,0.586693548,0.0625,0.461693548,0.025806452,-0.399193548,0.425,07:38:00,447.6295238,1,20:00:00,368.2835714,3,18-35,Non-White,NA
p1210,Sleep,18-24,22,female,None of these,Black or African American,160000,100,3.6,5.75,6.142857143,2.3,0.8125,0.3125,0.6875,0.25,0,0.0625,0,0.8125,0.3125,0.625,0.25,0.5,0.375,0.125,00:00:00,311.1919444,1,07:18:00,239.07975,1,18-35,Non-White,Above median
p1211,Sleep,48-59,51,female,None of these,White,195000,100,1.75,3.6875,5.933333333,4.193548387,0.875,0.25,0.625,0.3125,0,0.0625,0,0.875,0.25,0.5625,0.3125,0.625,0.25,0.375,19:40:00,381.6444444,1,09:21:00,338.5818182,4,36-59,White,Above median
p1212,Wake,36-47,36,male,None of these,White,59000,100,1.71875,4.75,6.28125,3.21875,0.8125,0.3125,0.5625,0.5,0,0,0,0.8125,0.3125,0.5625,0.5,0.5,0.0625,0.4375,07:46:00,284.6388889,1,19:03:00,288.5744681,3,36-59,White,Below median
p1213,Wake,48-59,48,female,None of these,White,100000,100,2.65625,4.15625,5.84375,3.90625,0.6875,0.375,0.5,0.4375,0.1875,0,0,0.5,0.375,0.5,0.4375,0.125,0.0625,0.0625,07:50:00,287.8824194,2,20:50:00,472.7703846,1,36-59,White,Above median
p1214,Sleep,18-24,21,male,None of these,White,NA,99,1.9,4.433333333,5.53125,3.5625,0.9375,0.5625,0.75,0.4375,0.3125,0.25,0.03125,0.625,0.53125,0.5,0.40625,0.09375,0.09375,0,18:58:00,244.4015254,2,08:14:00,277.0822222,4,18-35,White,NA
p1215,Wake,25-35,30,female,None of these,White,155000,100,3.206349206,5.46875,4.936507937,2.640625,0.0625,0,0.133333333,0.1875,0.25,0.125,0.28125,-0.1875,-0.28125,0.008333333,-0.09375,0.09375,0.102083333,-0.008333333,07:03:00,182.3416111,1,18:59:00,316.4419898,3,18-35,White,Above median
p1216,Wake,36-47,42,female,None of these,White,119000,100,1.9375,4.2,6.21875,3.566666667,0.5,0.25,0.5,0.125,0.0625,0,0.0625,0.4375,0.1875,0.5,0.0625,0.25,0.4375,-0.1875,07:04:00,311.22125,3,19:48:00,289.3597561,3,36-59,White,Above median
p1217,Wake,48-59,53,male,None of these,White,175000,100,3.233333333,4.375,3.9375,2.4375,0.4375,0.4375,0.4375,0.5625,0.0625,0,0.0625,0.375,0.375,0.4375,0.5,0,-0.0625,0.0625,07:04:00,285.6979592,1,19:00:00,290.6135,2,36-59,White,Above median
p1218,Wake,25-35,34,male,None of these,White,135000,100,2.483870968,4.65625,5.322580645,3.34375,0.875,0.25,0.6875,0.375,0.125,0.0625,0.03125,0.75,0.21875,0.625,0.34375,0.53125,0.28125,0.25,08:21:00,419.4109722,2,19:37:00,318.7647059,1,18-35,White,Above median
p1219,Sleep,25-35,35,female,Latino,White,NA,100,3.222222222,5.071428571,4.5,2.642857143,0.8125,0.5625,0.875,0.8125,0.0625,0.0625,0.0625,0.75,0.5,0.8125,0.75,0.25,0.0625,0.1875,19:45:00,248.5214706,3,10:33:00,345.6164103,4,18-35,White,NA
p1220,Wake,48-59,55,female,None of these,White,85000,100,NA,NA,NA,7,0.75,0.25,0.375,0.5625,0.0625,0,0.0625,0.6875,0.1875,0.375,0.5,0.5,-0.125,0.625,10:08:00,405.0316667,1,03:01:00,449.4775,3,36-59,White,Above median
p1221,Wake,18-24,21,female,None of these,Asian,2500,100,3.666666667,4.620689655,3.862068966,3.464285714,0.25,0.1875,0.1875,0.125,0.0625,0.0625,0.0625,0.1875,0.125,0.125,0.0625,0.0625,0.0625,0,10:16:00,275.4855469,1,22:14:00,302.2173611,4,18-35,Non-White,Below median
p1222,Wake,48-59,52,male,None of these,White,120000,100,4.09375,4.40625,3.90625,4.451612903,0.75,0.125,0.3125,0.375,0.4375,0.4375,0.28125,0.3125,-0.15625,-0.125,0.09375,0.46875,-0.21875,0.6875,08:50:00,187,1,21:39:00,371.7096774,1,36-59,White,Above median
p1223,Wake,25-35,34,male,None of these,Native Hawaiian or Pacific Islander,65000,99,2.653846154,4.142857143,5.964285714,4.260869565,0,0,0,0,0,0,0,0,0,0,0,0,0,0,11:15:00,361.7281731,2,19:19:00,340.6448148,1,18-35,Non-White,Below median
p1224,Wake,18-24,20,male,None of these,White,20000,99,2.903225806,4.551724138,5.0625,3.4,0.6875,0.25,0.625,0.25,0.125,0,0.03125,0.5625,0.21875,0.625,0.21875,0.34375,0.40625,-0.0625,08:30:00,309.2662766,1,20:06:00,259.3530357,1,18-35,White,Below median
p1225,Sleep,48-59,56,female,None of these,Asian,45000,100,1.6,5,6.642857143,4.75,0,0,0,0,0,0,0,0,0,0,0,0,0,0,19:30:00,327.3638095,3,09:14:00,288.5607534,1,36-59,Non-White,Below median
p1226,Sleep,18-24,19,female,None of these,Asian,NA,100,3.15625,4.46875,5.0625,3.129032258,0.75,0.4375,0.5,0.625,0,0,0,0.75,0.4375,0.5,0.625,0.3125,-0.125,0.4375,21:48:00,246.7336364,4,12:43:00,275.1322917,2,18-35,Non-White,NA
p1227,Sleep,48-59,49,female,None of these,White,80000,100,2.214285714,4.107142857,5.586206897,3.733333333,0.75,0.3125,0.8125,0.4375,0,0,0,0.75,0.3125,0.8125,0.4375,0.4375,0.375,0.0625,19:47:00,216.6451299,2,09:15:00,366.0140789,2,36-59,White,Above median
p1228,Sleep,48-59,50,female,None of these,White,30000,100,3.642857143,5.703703704,4.387096774,2.896551724,0.5625,0.5625,0.25,0.4375,0.125,0.125,0.15625,0.4375,0.40625,0.125,0.28125,0.03125,-0.15625,0.1875,19:04:00,308.9433784,1,09:39:00,252.9510667,1,36-59,White,Below median
p1229,Sleep,48-59,57,female,None of these,White,23000,100,NA,NA,NA,NA,0.875,0.3125,0.875,0.625,0,0.1875,0,0.875,0.3125,0.6875,0.625,0.5625,0.0625,0.5,19:15:00,681.1973684,4,07:23:00,379.9854412,1,36-59,White,Below median
p1230,Sleep,36-47,41,male,None of these,White,75000,100,2.3125,5.09375,5.6875,3.03125,0.6875,0.125,0.5,0.1875,0.25,0.125,0,0.4375,0.125,0.375,0.1875,0.3125,0.1875,0.125,20:24:00,296.1286486,3,09:25:00,370.1391892,3,36-59,White,Above median
p1231,Sleep,48-59,49,female,None of these,White,195000,100,2.625,5.096774194,5.71875,3.1875,0.6875,0.3125,0.5625,0.5625,0.1875,0.0625,0.15625,0.5,0.15625,0.5,0.40625,0.34375,0.09375,0.25,19:32:00,285.9221428,1,08:44:00,489.54,1,36-59,White,Above median
p1232,Sleep,48-59,56,female,None of these,Black or African American,39000,99,NA,4,5.551724138,3.4,0.6875,0.5,0.5,0.625,0.125,0.125,0.09375,0.5625,0.40625,0.375,0.53125,0.15625,-0.15625,0.3125,21:00:00,321.2013281,1,08:43:00,305.5668,1,36-59,Non-White,Below median
p1233,Sleep,36-47,40,female,None of these,White,89000,100,1.903225806,5,6.096774194,3.125,0.75,0.0625,0.25,0.1875,0.0625,0,0,0.6875,0.0625,0.25,0.1875,0.625,0.0625,0.5625,20:29:00,298.1578688,1,09:02:00,266.2833019,2,36-59,White,Above median
p1234,Sleep,48-59,49,male,Latino,Black or African American,86000,100,3,NA,5.238095238,3.034482759,0.0625,0.25,0.125,0.625,0.125,0.0625,0.25,-0.0625,0,0.0625,0.375,-0.0625,-0.3125,0.25,21:57:00,278.0366667,3,07:18:00,356.4353571,3,36-59,Non-White,Above median
p1235,Wake,36-47,43,female,None of these,White,NA,100,3,5.333333333,6.148148148,2.481481481,0.5,0.25,0.1875,0.25,0.0625,0,0.0625,0.4375,0.1875,0.1875,0.1875,0.25,0,0.25,08:13:00,301.9691071,1,20:33:00,403.1603333,5,36-59,White,NA
p1236,Sleep,36-47,39,female,None of these,White,55000,98,2.96875,5.5,5.28125,3.09375,0.75,0.25,0.375,0.25,0.1875,0,0.03125,0.5625,0.21875,0.375,0.21875,0.34375,0.15625,0.1875,22:00:00,364.9058182,3,08:55:00,795.6049999,2,36-59,White,Below median
p1237,Sleep,36-47,38,male,Hispanic,White,49000,100,3.84375,4.09375,3.9375,3.967741935,0.625,0.25,0.25,0.1875,0.125,0.125,0,0.5,0.25,0.125,0.1875,0.25,-0.0625,0.3125,19:13:00,236.7667046,2,07:44:00,182.7396774,2,36-59,White,Below median
p1238,Sleep,36-47,38,male,None of these,White,145000,100,3.24137931,4.142857143,4.666666667,3.612903226,0.875,0.3125,0.5,0.25,0.25,0,0,0.625,0.3125,0.5,0.25,0.3125,0.25,0.0625,22:14:00,200.8538889,2,08:53:00,487,1,36-59,White,Above median
p1239,Sleep,36-47,45,male,None of these,White,35000,100,2.5625,4.838709677,5.1875,3.3125,1,0.5625,0.625,0.75,0,0,0,1,0.5625,0.625,0.75,0.4375,-0.125,0.5625,22:23:00,337.5675676,5,09:44:00,332.1607143,1,36-59,White,Below median
p1240,Sleep,25-35,30,female,None of these,White,NA,100,3.366666667,4.096774194,4.548387097,4,0.5625,0.3125,0.25,0.1875,0.125,0,0,0.4375,0.3125,0.25,0.1875,0.125,0.0625,0.0625,20:35:00,369.1678723,5,09:22:00,373.2833333,3,18-35,White,NA
p1241,Sleep,48-59,59,male,None of these,White,75000,100,2.90625,4,5.28125,3.875,0.9375,0.4375,0.5625,0.375,0.0625,0.125,0,0.875,0.4375,0.4375,0.375,0.4375,0.0625,0.375,19:45:00,335.675625,1,08:06:00,358.9855952,1,36-59,White,Above median
p1242,Sleep,48-59,59,male,None of these,White,NA,100,NA,NA,NA,NA,0.5,0.1875,0.3125,0.3125,0.0625,0.0625,0,0.4375,0.1875,0.25,0.3125,0.25,-0.0625,0.3125,22:21:00,479.9207317,5,08:30:00,270.4441111,1,36-59,White,NA
p1243,Wake,48-59,52,female,None of these,White,80000,100,1.7,4.8,6.24137931,3.482758621,0.8125,0.375,0.625,0.625,0.0625,0,0.0625,0.75,0.3125,0.625,0.5625,0.4375,0.0625,0.375,08:12:00,292.1822857,2,19:21:00,348.1152778,4,36-59,White,Above median
p1244,Wake,36-47,38,male,None of these,Asian,95000,100,2.24137931,4.806451613,5.6875,3.129032258,0.25,0.0625,0.0625,0,0,0,0,0.25,0.0625,0.0625,0,0.1875,0.0625,0.125,08:50:00,243.5288889,4,19:44:00,312.8233929,5,36-59,Non-White,Above median
p1245,Wake,36-47,37,female,None of these,White,34900,100,2.875,4.625,5.1875,3.21875,0.8125,0.5,0.5,0.4375,0,0,0.03125,0.8125,0.46875,0.5,0.40625,0.34375,0.09375,0.25,09:00:00,306.8439583,3,21:42:00,310.9183582,3,36-59,White,Below median
p1246,Sleep,48-59,49,female,None of these,White,38000,100,2.46875,4.466666667,5.516129032,3.516129032,0.9375,0.5,0.5625,0.5625,0,0,0,0.9375,0.5,0.5625,0.5625,0.4375,0,0.4375,20:57:00,327.24175,1,19:30:00,403.3109677,1,36-59,White,Below median
p1247,Wake,36-47,39,male,None of these,White,52000,100,2.40625,4.90625,5.65625,3.25,0.8125,0.375,0.5625,0.8125,0.25,0.0625,0.09375,0.5625,0.28125,0.5,0.71875,0.28125,-0.21875,0.5,09:00:00,295.7968548,4,19:00:00,325.2679412,2,36-59,White,Below median
p1248,Sleep,36-47,36,female,None of these,White,NA,100,1.806451613,4.5625,6.46875,2.84375,0.75,0.125,0.5625,0.3125,0,0,0,0.75,0.125,0.5625,0.3125,0.625,0.25,0.375,21:04:00,348.1666667,3,11:00:00,369.5106383,2,36-59,White,NA
p1249,Wake,48-59,52,male,None of these,White,45000,88,4.035714286,4.296296296,4.129032258,4.464285714,0,0,0,0,0,0,0,0,0,0,0,0,0,0,09:00:00,991.1666667,1,21:00:00,4375.8,1,36-59,White,Below median
p1250,Wake,36-47,45,male,None of these,White,29000,100,2.40625,3.966666667,5.40625,3.75,0.75,0.1875,0.4375,0.1875,0,0,0,0.75,0.1875,0.4375,0.1875,0.5625,0.25,0.3125,10:08:00,476.84,4,20:53:00,384.1692424,3,36-59,White,Below median
p1251,Wake,36-47,46,male,None of these,White,60000,100,2.5625,4.064516129,5.40625,3.21875,0.75,0.5,0.5,0.375,0.125,0.0625,0.03125,0.625,0.46875,0.4375,0.34375,0.15625,0.09375,0.0625,10:11:00,247.9145714,1,21:02:00,259.915,3,36-59,White,Below median
p1252,Wake,48-59,51,male,None of these,Asian,120000,100,1.967741935,4.451612903,6.193548387,3.59375,0.4375,0.125,0.375,0,0.0625,0,0,0.375,0.125,0.375,0,0.25,0.375,-0.125,10:20:00,360.2758621,3,22:02:00,324.4545455,2,36-59,Non-White,Above median
p1253,Wake,48-59,54,male,None of these,White,48700,100,2.774193548,4.25,5.4375,3.875,0.625,0.25,0.625,0.3125,0,0.0625,0,0.625,0.25,0.5625,0.3125,0.375,0.25,0.125,07:26:00,328.3881633,2,21:08:00,366.586875,3,36-59,White,Below median
p1254,Wake,48-59,49,male,None of these,White,80000,100,2,4,6,4.125,0.875,0.375,0.5,0.375,0.375,0.1875,0.125,0.5,0.25,0.3125,0.25,0.25,0.0625,0.1875,07:15:00,359.1754098,2,20:22:00,364.0366667,3,36-59,White,Above median
p1255,Wake,36-47,47,female,None of these,White,70000,100,3.225806452,4.612903226,4.59375,3.46875,0.6875,0.3125,0.5625,0.0625,0.0625,0.125,0.03125,0.625,0.28125,0.4375,0.03125,0.34375,0.40625,-0.0625,09:05:00,282.8247959,1,21:13:00,317.5417568,4,36-59,White,Above median
p1256,Wake,25-35,30,male,None of these,White,12500,100,3.137931034,3.53125,4.551724138,4.4375,0.2,0.25,0.0625,0.3125,0.1875,0.25,0.25,0.0125,0,-0.1875,0.0625,0.0125,-0.25,0.2625,08:40:00,312.6475,1,16:19:00,452.19,3,18-35,White,Below median
p1257,Wake,25-35,29,female,Hispanic,White,NA,100,2.6875,5.321428571,5.71875,3.125,0.625,0.5,0.5,0.625,0.5,0.3125,0.21875,0.125,0.28125,0.1875,0.40625,-0.15625,-0.21875,0.0625,10:16:00,287.165,2,22:00:00,310.9040698,3,18-35,White,NA
p1258,Wake,18-24,18,female,None of these,Black or African American,10000,100,2.653846154,4.72,5.071428571,2.916666667,0.5625,0.1875,0.1875,0.6875,0.0625,0,0,0.5,0.1875,0.1875,0.6875,0.3125,-0.5,0.8125,10:59:00,313.9546591,1,21:57:00,364.4253571,3,18-35,Non-White,Below median
p1259,Wake,25-35,26,female,None of these,White,50000,100,2.40625,4.516129032,5.5,3.46875,0.75,0.1875,0.6875,0.1875,0,0,0,0.75,0.1875,0.6875,0.1875,0.5625,0.5,0.0625,10:46:00,252.389375,4,07:48:00,268.0004098,2,18-35,White,Below median
p1260,Sleep,36-47,38,female,None of these,White,100000,100,2.09375,4.71875,6.125,3.28125,0.375,0.125,0.5,0.1875,0,0,0,0.375,0.125,0.5,0.1875,0.25,0.3125,-0.0625,19:05:00,225.2183333,3,07:50:00,218.316625,1,36-59,White,Above median
p1261,Sleep,48-59,57,female,None of these,White,95000,96,2.766666667,4.6,5.375,3.15625,0.8125,0.6875,0.75,0.625,0.125,0,0,0.6875,0.6875,0.75,0.625,0,0.125,-0.125,21:14:00,356.8171053,3,20:00:00,393.2766667,5,36-59,White,Above median
p1262,Sleep,48-59,52,male,None of these,White,335000,100,2.34375,4.5,5.59375,3.96875,0.875,0.3125,0.8125,0.4375,0.125,0,0,0.75,0.3125,0.8125,0.4375,0.4375,0.375,0.0625,19:00:00,270.2180882,2,06:58:00,200.2837912,5,36-59,White,Above median
p1263,Wake,25-35,26,female,Latino,White,20000,100,2.806451613,4.71875,5.40625,3.15625,0.4375,0.125,0.3125,0.1875,0,0,0.03125,0.4375,0.09375,0.3125,0.15625,0.34375,0.15625,0.1875,08:43:00,398.6140517,3,19:50:00,425.819186,4,18-35,White,Below median
p1264,Sleep,18-24,19,female,None of these,Asian,34000,100,2.444444444,4.5,4.842105263,2.157894737,0.875,0.5625,0.625,0.6875,0.25,0.6,0.3125,0.625,0.25,0.025,0.375,0.375,-0.35,0.725,21:40:00,339.1206471,3,14:30:00,421.0389706,2,18-35,Non-White,Below median
p1265,Sleep,48-59,50,male,None of these,White,100000,100,3.28125,4.483870968,4.59375,3.548387097,0.5,0.0625,0.4375,0.25,0,0.0625,0.0625,0.5,0,0.375,0.1875,0.5,0.1875,0.3125,19:28:00,275.9667606,1,08:16:00,281.5953125,1,36-59,White,Above median
p1266,Wake,18-24,21,male,None of these,White,48000,100,3,4.516129032,3.8125,2.53125,0.625,0.375,0.3125,0.3125,0,0,0,0.625,0.375,0.3125,0.3125,0.25,0,0.25,07:30:00,224.1334444,5,22:00:00,228.0116216,2,18-35,White,Below median
p1267,Wake,18-24,23,female,None of these,White,24000,100,2.71875,5.580645161,5.4375,2.5625,0.75,0.25,0.4375,0.4375,0,0,0,0.75,0.25,0.4375,0.4375,0.5,0,0.5,08:20:00,399.2424242,1,19:43:00,397.7037037,3,18-35,White,Below median
p1268,Wake,48-59,50,female,None of these,White,75000,99,2.53125,5.6875,5.387096774,2.933333333,0.625,0.5,0.5625,0.4375,0.1875,0.125,0.0625,0.4375,0.4375,0.4375,0.375,0,0.0625,-0.0625,07:39:00,270.701875,3,20:10:00,328.9329032,2,36-59,White,Above median
p1269,Sleep,36-47,44,female,None of these,White,74000,100,2.592592593,4.5625,5.65625,3.4375,0.8125,0.4375,0.5625,0.5,0,0.0625,0,0.8125,0.4375,0.5,0.5,0.375,0,0.375,19:03:00,342.242875,1,07:58:00,377.71,1,36-59,White,Above median
p1270,Wake,25-35,27,female,None of these,White,76000,100,3.548387097,4.258064516,4.5625,3.53125,0.625,0.2,0.5625,0.5625,0,0,0,0.625,0.2,0.5625,0.5625,0.425,0,0.425,09:49:00,313.641,2,21:12:00,648.27,2,18-35,White,Above median
p1271,Sleep,25-35,31,male,None of these,Not listed,24000,100,3.75,4.03125,4.09375,4.03125,0.5625,0.0625,0.375,0.1875,0,0,0,0.5625,0.0625,0.375,0.1875,0.5,0.1875,0.3125,19:03:00,439.3598571,2,07:00:00,323.2108163,2,18-35,Non-White,Below median
p1272,Sleep,48-59,53,male,None of these,White,140000,100,2.3125,4.580645161,5.344827586,3.1875,0.75,0.5625,0.5625,0.5625,0.1875,0.0625,0.0625,0.5625,0.5,0.5,0.5,0.0625,0,0.0625,21:05:00,408.6532143,3,07:43:00,296.6407609,2,36-59,White,Above median
p1273,Wake,18-24,20,male,None of these,Asian,70000,97,3.6,4,4.09375,3.9375,0.8125,0.9375,0.75,0.875,0.875,0.875,0.84375,-0.0625,0.09375,-0.125,0.03125,-0.15625,-0.15625,0,10:31:00,214.2808537,3,19:14:00,201.7206024,1,18-35,Non-White,Above median
p1274,Sleep,48-59,57,female,None of these,White,210000,100,2.380952381,4.470588235,4.6,3.235294118,0.066666667,0.0625,0.1875,0,0,0.066666667,0,0.066666667,0.0625,0.120833333,0,0.004166667,0.120833333,-0.116666667,21:55:00,451.8831132,4,08:50:00,605.8290244,3,36-59,White,Above median
p1275,Wake,48-59,50,female,None of these,White,145000,100,3.21875,4.580645161,4.935483871,3.28125,0.625,0.5625,0.8125,0.5625,0.3125,0.4375,0.25,0.3125,0.3125,0.375,0.3125,0,0.0625,-0.0625,08:33:00,382.539127,1,19:38:00,344.6991667,1,36-59,White,Above median
p1276,Wake,48-59,59,female,None of these,White,55000,99,2.689655172,5.125,5.1875,3.125,0.75,0.375,0.875,0.6875,0.0625,0.0625,0.03125,0.6875,0.34375,0.8125,0.65625,0.34375,0.15625,0.1875,09:51:00,267.7956863,2,19:04:00,330.2591818,1,36-59,White,Below median
p1277,Sleep,18-24,21,female,Hispanic,White,NA,NA,2.535714286,5.4,5.586206897,2.833333333,0.875,0.25,0.75,0.625,0.0625,0.0625,0.03125,0.8125,0.21875,0.6875,0.59375,0.59375,0.09375,0.5,21:16:00,228.6919048,2,10:16:00,215.2818269,2,18-35,White,NA
p1278,Sleep,36-47,44,female,None of these,White,32500,100,2.967741935,5.15625,4.96875,3.28125,0.875,0.4375,0.625,0.5625,0,0,0.03125,0.875,0.40625,0.625,0.53125,0.46875,0.09375,0.375,20:06:00,248.2761111,3,09:49:00,243.5125,2,36-59,White,Below median
p1279,Wake,18-24,24,female,None of these,White,50000,100,1.59375,4.53125,6.28125,3.625,0.625,0.3125,0.4375,0.25,0.1875,0,0,0.4375,0.3125,0.4375,0.25,0.125,0.1875,-0.0625,09:22:00,227.6614286,2,21:38:00,642.8918919,4,18-35,White,Below median
p1280,Wake,36-47,41,female,None of these,White,25000,100,2.5,4.40625,5.3125,3.451612903,0.8125,0.625,0.625,0.5,0.0625,0,0,0.75,0.625,0.625,0.5,0.125,0.125,0,09:34:00,346.6166667,1,21:11:00,380.1056944,3,36-59,White,Below median